original,abbreviation,count
individualistic,individ,6
industrialized,indust,4
manipulation,manipltn,1
interstellar,intrstllr,1
circumstance,circums,6
horsepower,hspwr,3
theological,thelgcl,7
compartment,comprtmnt,1
democratization,dmcrtzt,6
instrumentation,instrumntation,1
kindergarten,kndergrtn,1
observatory,obstory,6
compartment,cmptmnt,2
socialization,socialzation,1
extracurricular,excurr,1
jurisprudence,jurisprud,1
internationally,interna,7
instructional,instnal,1
interdependent,interde,2
individualistic,indvduallistc,1
observatory,obsvtry,2
constellations,constlations,3
constitution,constit,8
constellations,constel,4
exploration,exploration,1
atmospheric,atm.,1
dictatorship,dicttrship,2
socialization,socializtn,1
accelerating,acclrtng,2
locomotive,loco,14
windshield,windshield,1
trustworthy,trwthy,2
instrumentation,1strenrn,1
adventurers,adventu,3
enrollments,enroll,1
undergraduate,ndrgrad,3
academically,acadclly,1
manipulation,mnpltn.,1
instrumentation,instrument,4
jurisprudence,juri,1
explorations,xplortns,3
comprehensive,comp,14
communicator,commctr,3
jurisprudence,jury,1
opposition,oppostn,5
socialization,socializ,1
industrial,ndstrl,1
trustworthy,tstwty,5
socialization,socialaz.,1
transmissions,transmsns,1
atmospheric,astmphrc,1
mechanically,mechly.,1
instructional,instrctnl,3
laboratory,lab,12
instructional,instruct,1
internationally,intrntn,6
academically,acdmlly,1
instrumentation,instrmntatn,3
multifaceted,mltfctd,9
assignments,assigmts,1
interdependent,intrdpndnt,4
university,univ,4
electrical,elec,18
atmospheric,atmsp,1
manufacture,mnfr,1
extracurricular,xcurriclr,1
telescopes,telscps,3
schoolchildren,shlchilden,3
mechanically,mechncly,1
vocational,vocatio,4
dealerships,dlrship,1
circumstance,circ,8
parliamentary,parlmt,2
constellations,constellat,3
industrialized,ind.,1
trustworthy,trstwthy,1
academically,academ,1
enrollments,enrllmnts,4
manufacturing,build,5
decentralized,dectrlzd.,1
educationally,educati,5
internationally,intl,3
extracurricular,xtrcriclr,1
collisions,col,1
stratosphere,stratos,11
interstellar,intrstl,12
microorganisms,micrognsms,1
observatory,obsrvtry,5
comprehension,cmprhns,1
congresswoman,cngswom,1
constitution,const,10
mechanical,mec,1
observatory,obsrvtr,7
telescopes,telescopes,1
compartment,comptmnt,1
windshield,wndshild,2
enrollment,enrlmnt,1
expeditions,expdtns,4
principals,princip,4
graduation,graduat,1
democratization,democra,8
locomotive,lcmtv,2
decentralized,dcentzd,1
socialization,soclztn,2
interstellar,intstel,2
extracurricular,extracrcula,1
meteorological,meteorolog,1
exploration,xplortn,3
exploration,xplrtn,2
dictatorship,dict'ship,1
multifaceted,mulceted,1
circumstance,circmstnc,1
combustion,combust,1
decentralized,decentr,6
microorganisms,mcrorgnsms,1
instructional,instructi,6
internationally,internat.,1
satellites,satllts,4
adventurers,advntu,1
extracurricular,xtracurclr,1
internationally,interntly,1
opposition,opposit,2
kindergarten,kndrgrt,3
atmospheric,atmospher,1
electrical,ele,1
undertaking,undrtking,2
enrollment,'rolment,3
communicator,cmmnctr,5
satellites,sat,2
enrollments,enrollments,2
professors,profs,10
atmospheric,atmsphr,7
automotive,autom,1
undergraduates,undergdts,1
instructional,instruonal,1
manufacturing,manufac'ing,1
professors,prof,8
explorations,explora,7
constitution,cnstution,1
experiments,exprmnt,2
comprehensive,wide,1
acceleration,acc'n,1
congresswoman,congrsswomn,4
decentralized,decentra,1
manipulation,mnpulation,1
undergraduate,undgrad,1
communicator,cmmtr,1
mechanically,mchniclly,1
interdependent,intdpnt,1
university,univ.,1
colonization,clnoztion,1
assignments,assign,6
manipulation,mnpltn,2
electrical,electri,2
theological,theolog,3
vocational,voc,5
individualistic,individualistic,1
accelerating,acclg,1
manufacture,manfctr,2
democratization,democ,5
communicator,communi,3
pedestrians,pdstrians,4
instrumentation,instru.,1
industrial,indust,3
principals,prins,2
colonization,clnztn,1
manufacturing,mf,1
windshield,wndshld,9
mechanical,mechanica,1
academically,acadlly,3
explorations,xplrations,2
decentralized,decentralized,1
horsepower,hp,17
combustion,cbn,1
telescopes,tscopes,4
colonization,clnzn,2
constellations,constelatns,1
constellations,consteltns,1
instrumentation,instrum,2
measurements,measrmnts,4
investment,invest.,1
educationally,educlly,1
investment,invstmnt,5
socialization,soclization,1
industrial,ind,6
manipulation,manipul,7
opposition,opp,9
principals,prpls,8
manipulation,manption,1
democratization,demzation,3
educationally,educ'ally,1
colonization,colniztn,2
atmospheric,atmpheric,3
automotive,automot,1
experiments,expmts,2
acceleration,pelt,5
experiments,exp,2
parliamentary,prlamntry,1
democratization,democracy,1
schoolchildren,schchln.,1
satellites,sats,1
transmissions,tmissions,1
dictatorship,dictatshp,1
electrical,elecl,5
satellites,sate,2
congresswoman,cgrswm,1
extracurricular,xtracular,5
enrollments,enrlts,1
dealerships,dlrships,4
communicator,com,4
colonization,colnztn,1
jurisprudence,jrsprdence,1
experiments,xperimnts,2
circumstance,crnmstn,5
multifaceted,multfactd,4
atmospheric,atmosphrc,1
satellites,stlts,8
instructional,instr,1
enrollment,enrollm,5
trustworthy,trstwrty,2
automotive,auto,12
enrollments,enrllmn,2
experiments,experim,5
schoolchildren,schlchld,2
individualistic,individual,1
undertaking,undrtkn,8
professors,profess,5
socialization,socialztn,3
industrial,indstrl,4
university,uni,6
transmissions,trnsmss,5
observatory,obsrty,1
mechanical,mech,12
manufacture,manuf.,1
compartment,cmprtmnt,2
adventurers,venturer,1
jurisprudence,jurispr,7
disintegration,disint,8
acceleration,acclrtion,1
university,unv,1
extracurricular,extracurr',1
undertaking,underta,3
geopolitical,geopolit,1
constellations,const,1
multifaceted,multi,1
vocational,vocal,1
compartment,comp.,1
constellations,cnstlns,1
explorations,expl,2
enrollments,enrlmnts,7
telescopes,telscopes,4
kindergarten,kndgtn,1
instructional,nstrucnal,7
parliamentary,parliamntry,2
enrollments,enrlmts,1
compartment,compartm,2
disintegration,disinteg,2
kindergarten,kindrgarden,2
vocational,voca,19
satellites,stls,1
pedestrians,pdstrns,5
observatory,observtry,2
industrialized,indtlzed,2
democratization,democratiz,1
exploration,explrtn,6
meteorological,mtrlgcl,14
compartment,compt,4
expeditions,xped,4
inflationary,inflati,1
inflationary,inflate,1
transmissions,transons,1
educationally,edctnll,5
combustion,cmb,1
comprehension,compre,1
manufacture,manuf,1
socialization,sociali,15
compartment,comp,4
atmospheric,atmosph,2
multifaceted,multifcted,2
undergraduate,undergrad,8
schoolchildren,schlchl,5
decentralized,dcntrlz,5
industrialized,indstrlzd,2
manufacturing,mnfctring,1
collisions,collis,1
graduation,grad,3
undertaking,udtkg,1
accelerating,acclrng.,1
observatory,obsrvatry,1
undertaking,udrtkg,1
parliamentary,prlmntr,12
graduation,gradtn,4
laboratory,labrtory,1
undergraduates,undergr,4
individualistic,indivd,1
automotive,automtv,2
mechanically,mechally,3
horsepower,hrsepwr,1
electrical,elctrcl,1
mechanically,mechanica,1
congresswoman,congressw,1
acceleration,acc,9
jurisprudence,jurisdence,2
manufacturing,mftg,4
interdependent,interdep,2
circumstance,circstnce,1
microorganisms,microorg,1
constellations,constels,1
internationally,intnly,7
experiments,expts,1
combustion,comb,6
compartment,cmprtmn,3
acceleration,acceler,2
extracurricular,extrcuricla,1
undertaking,undtak,1
multifaceted,mfaceted,5
combustion,comstion,1
exploration,expl.,3
principals,prncpls,9
acceleration,acc.,1
graduation,gradutn,5
windshield,w'shield,1
dictatorship,dship,2
interstellar,inst,1
dealerships,dealrshps,3
kindergarten,kg,2
combustion,cmbustn,1
academically,acad,8
undergraduate,undrgrd,10
comprehension,compreh,7
horsepower,horspwr,1
meteorological,meteorlgcl,1
undergraduate,undrgt,1
inflationary,inflat,2
theological,theolgcl,2
exploration,explr,3
trustworthy,trustworthy,1
educationally,edctnlly,1
graduation,grdtn,1
constellations,cnstlatn,1
manufacturing,manring.,1
communicator,comm,4
accelerating,accelerate,1
meteorological,weather,1
measurements,msrmnts,8
parliamentary,parltary,2
atmospheric,atmospheric,2
experiments,exmts,2
parliamentary,p'mentary,1
enrollment,enrllmnt,3
expeditions,expedit,9
enrollments,enrolmts,7
collisions,collisns,1
graduation,gradn,1
colonization,colonization,1
principals,prin,1
enrollments,nrlmnts,1
stratosphere,strtsph,1
industrialized,industrial,3
opposition,oppstion,2
geopolitical,geopo,2
manipulation,mnipltn,1
extracurricular,extrcrr,7
colonization,clnztns,5
decentralized,decentlzd,2
assignments,asnmnts,1
constitution,constitution,2
horsepower,horsepo,1
socialization,socilzatn,2
geopolitical,geopoly,1
internationally,intly,1
laboratory,laborat,2
accelerating,acclting,4
accelerating,acceler,4
disintegration,dsntgrt,3
geopolitical,geopoli,11
transmissions,tsmsns,1
mechanical,mechncl,1
accelerating,accelrtg,1
colonization,colnzation,3
collisions,collsns,7
academically,academi,5
undertaking,undrtaking,3
industrialized,indlized,3
investment,invstmn,5
interstellar,intslr,1
jurisprudence,jrsprdn,4
educationally,edually,1
investment,invstmt,3
internationally,internly,1
comprehension,comp.,1
atmospheric,atmsphrc,6
theological,tlogical,1
telescopes,tlscp,1
exploration,xplration,2
industrial,indtrial,4
stratosphere,stra,1
individualistic,indvdls,1
schoolchildren,schooch,3
geopolitical,geopol.,1
colonization,colonztn,4
assignments,assignm,4
compartment,compart,5
enrollments,enrolmnts,2
extracurricular,extracu,5
compartment,compartment,1
manipulation,manplton,1
university,univst,2
manufacture,mftr,2
extraterrestrial,extrate,1
communicator,comcator,1
experiments,exper,6
kindergarten,kinderg,7
dealerships,dlrshps,11
manufacture,mfr,1
disintegration,disinte,10
undergraduate,ugrad.,1
constitution,cnstn,1
manufacture,mfg,1
industrialized,indstrialized,1
multifaceted,mulced,1
accelerating,acclrtn,7
undergraduates,undergrads,6
schoolchildren,schch,5
congresswoman,congrss,1
socialization,socialztion,2
accelerating,accelerating,2
exploration,explor,1
comprehension,cphs,2
parliamentary,parl.,1
decentralized,dcentralzd,1
experiments,xpmts,4
jurisprudence,jurprud,1
adventurers,advntrs,11
industrialized,industr,1
jurisprudence,jurisurence,2
investment,invment,1
undergraduates,undergrad,6
constellations,cnstlat,5
experiments,expnts,1
expeditions,expedns,1
colonization,colon,1
geopolitical,gepltcl,2
dictatorship,tyranni,1
assignments,asigmnts,1
opposition,opp'n,4
schoolchildren,sc ch,1
instrumentation,instru,1
microorganisms,microor,3
transportation,transp,8
disintegration,dsntgrtn,1
instructional,instrctional,2
collisions,collisi,2
interdependent,interdpndnt,1
transmissions,trans,4
academically,acadmcly,1
acceleration,accel,4
comprehension,comp,15
manufacture,manufac,10
extracurricular,xtrcrriculr,3
industrialized,indstrl,5
congresswoman,congres,4
expeditions,expeds,1
parliamentary,parl,1
undertaking,undertaking,1
adventurers,advers,2
interstellar,instlr,2
individualistic,indvdstc,1
university,univty,2
theological,thelgicl,5
manufacturing,manufac,2
instrumentation,instrumental,2
extracurricular,extcur,1
interdependent,ntrdpdnt,2
manufacturing,m'facturing,1
meteorological,meteoro,1
explorations,expls,1
exploration,explora,4
interstellar,intstlr,1
microorganisms,micorgan,1
comprehensive,compreh,3
industrial,indstl,1
mechanically,mech,9
mechanically,mechani,4
graduation,gard,3
stratosphere,strato,5
extraterrestrial,extrater,1
geopolitical,gplticl,1
instructional,instrct,1
geopolitical,geopol,6
interstellar,interstel,1
inflationary,infl,4
manufacturing,mnfctrn,6
circumstance,crcmstance,1
undergraduate,ungrd,1
industrialized,ind'ized,1
manipulation,manpultion,3
enrollment,enrllmn,4
explorations,explor,2
accelerating,accelerat,5
manufacturing,mfg,2
combustion,combustion,1
transportation,transpttn,1
transportation,trans,6
academically,acdmcll,6
investment,invsmnt,1
windshield,wdshld,3
assignments,assignments,2
internationally,internationally,1
assignments,assgnmnts,6
academically,acdmcly,1
colonization,coloniz,3
explorations,explorat,5
telescopes,tlscpes,4
parliamentary,parliam,4
congresswoman,congrsswman,1
extraterrestrial,et,21
assignments,assing,1
enrollment,enrol,1
measurements,mmts,2
trustworthy,trstwrthy,3
pedestrians,walk,3
instrumentation,instrumentation,2
extracurricular,xtraclar,1
interstellar,intrstlr,2
constitution,consttn,1
mechanically,mech.,2
transmissions,trnmssons,1
atmospheric,atmsprc,1
circumstance,crcstance,2
academically,acadally,1
socialization,socztion,1
kindergarten,kinder,4
multifaceted,multifa,6
manufacturing,manu,1
decentralized,decntrlzd,1
instructional,instruc,3
university,unity,3
transmissions,transmsn,1
decentralized,dectlzd,1
transmissions,transmisses,3
internationally,intern,2
university,unvrsty,3
pedestrians,peds,14
congresswoman,congresswoman,1
meteorological,meteological,1
mechanically,mechy,3
congresswoman,congwoman,1
enrollment,enrlmt,2
microorganisms,microorgs,3
manufacture,manu,5
collisions,collsn,2
combustion,cmbstn,2
interstellar,intrstllar,2
manufacture,manfc,1
university,univers,1
industrialized,industry,1
transmissions,transmi,7
meteorological,met,3
industrialized,industri,4
internationally,intnatnal,1
circumstance,circmstnce,1
acceleration,accel'ation,1
acceleration,acclrtn,1
instrumentation,intr'tation,1
assignments,asmts,2
comprehension,comp'n,1
observatory,obsvty,1
congresswoman,cngrssw,8
adventurers,advnturers,2
individualistic,indvlstc,1
dealerships,dships,1
accelerating,accl,1
expeditions,trip,1
interdependent,intdent,1
inflationary,infltnr,6
parliamentary,palmnts,1
undergraduates,ndrgrads,1
inflationary,infltny,1
undergraduates,undrgraduats,4
accelerating,accel.,1
undertaking,ndrtkng,1
instrumentation,instation,1
educationally,erssa,1
manipulation,manpltn,2
microorganisms,microorganisms,2
constitution,contution,2
communicator,comun,1
enrollments,enroll's,1
pedestrians,ped,1
observatory,observa,1
assignments,assig,1
interdependent,intrdpn,10
academically,acadmly,1
accelerating,acclrtg,2
transportation,transpo,9
trustworthy,trstwrt,5
automotive,autotive,2
inflationary,inflationary,4
microorganisms,mcrrgns,8
opposition,oppstn,2
instrumentation,instrmntation,5
educationally,edu,6
trustworthy,tswy,1
disintegration,distg,2
dictatorship,dicship,1
democratization,democrtztn,1
instructional,instructional,1
undergraduate,undergr,3
manipulation,manip,6
constellations,cnstlls,1
undertaking,untak,1
schoolchildren,schchdrn,3
windshield,windshi,1
assignments,assments,1
industrialized,indstrlized,6
locomotive,locomtv,3
atmospheric,atmos,2
stratosphere,strat,2
explorations,explrtn,3
circumstance,circstc,1
inflationary,inflatnary,2
investment,invstment,4
internationally,tianlly,1
windshield,winshld,1
expeditions,exped,7
industrialized,industrializ,2
combustion,combstn,5
extraterrestrial,extrtrr,4
decentralized,decenlized,3
decentralized,decntrlized,1
democratization,dem,1
democratization,democrtztion,1
instructional,instrnl,1
instrumentation,instr,2
observatory,obsty,1
dictatorship,dcttrsh,8
enrollment,enrollmnt,4
dictatorship,dictato,5
combustion,combtn,3
